<step title="Incoming Request" date="2026-02-09T17:53:56.686" instance="e5c999" url="/api/publish?async=true&amp;deployer=GITHUB_ONE_DEPLOY&amp;type=zip&amp;message=%7B%22type%22%3A%22deployment%22%2C%22sha%22%3A%22498d7504a374c9e8c50fb1f351a7f187e39cbbd6%22%2C%22repoName%22%3A%22rhamlett%2FPerfSimNode%22%2C%22actor%22%3A%22rhamlett%22%2C%22slotName%22%3A%22production%22%2C%22commitMessage%22%3A%22Fix%20test%20validation%20limits%20and%20type%20errors%22%7D" method="POST" type="request" pid="851,1,48" Host="perfsimnode.scm.azurewebsites.net" User-Agent="GITHUBACTIONS_DeployWebAppToAzure_21213a93a7dcce9117f28b3e52cab26154e613e70d8e2e20379aca6a0239cf7e" Authorization="Bea..." Content-Type="application/octet-stream" Cookie="ARRAffinity=e5c999bcc43d239d25df6593b46f6094cdce9b8adbca3432a3bea5e3fa99bbe4;Path=/;HttpOnly;Secure;Domain=perfsimnode.scm.azurewebsites.net; ARRAffinitySameSite=e5c999bcc43d239d25df6593b46f6094cdce9b8adbca3432a3bea5e3fa99bbe4;Path=/;HttpOnly;SameSite=None;Secure;Domain=perfsimnode.scm.azurewebsites.net" Transfer-Encoding="chunked" X-ARR-LOG-ID="5fd0f037-ac70-4082-9069-41880272da4e" CLIENT-IP="52.176.35.117:34856" X-SITE-DEPLOYMENT-ID="perfsimnode" WAS-DEFAULT-HOSTNAME="perfsimnode.scm.azurewebsites.net" X-Forwarded-Proto="https" X-AppService-Proto="https" X-Forwarded-TlsVersion="1.3" X-WAWS-Unencoded-URL="/api/publish?async=true&amp;deployer=GITHUB_ONE_DEPLOY&amp;type=zip&amp;message=%7B%22type%22%3A%22deployment%22%2C%22sha%22%3A%22498d7504a374c9e8c50fb1f351a7f187e39cbbd6%22%2C%22repoName%22%3A%22rhamlett%2FPerfSimNode%22%2C%22actor%22%3A%22rhamlett%22%2C%22slotName%22%3A%22production%22%2C%22commitMessage%22%3A%22Fix%20test%20validation%20limits%20and%20type%20errors%22%7D" X-Client-IP="52.176.35.117" X-Client-Port="34856" >
  <step title="OneDeploy" date="2026-02-09T17:53:56.745" >
    <step title="None repository commit" date="2026-02-09T17:53:56.753" >
      <step title="Commit id: a503ccc0-314a-4d2d-9682-c9c4fef248c0" date="2026-02-09T17:53:56.756" Message="N/A" AuthorName="N/A" AuthorEmail="N/A" /><!-- duration: 2ms -->
    </step><!-- duration: 7ms -->
    <step title="Starting PushDeployAsync" date="2026-02-09T17:53:56.763" /><!-- duration: 2ms -->
    <step title="Writing artifact to /tmp/zipdeploy/a9910867-d35e-479e-add3-b59392267dcf.zip" date="2026-02-09T17:53:56.779" >
      <step title="Writing multipart request body to /tmp/zipdeploy/a9910867-d35e-479e-add3-b59392267dcf.zip" date="2026-02-09T17:53:56.782" /><!-- duration: 2ms -->
    </step><!-- duration: 91ms -->
    <step title="Start deployment in the background" date="2026-02-09T17:53:56.877" >
      <step title="Acquiring Deployment Lock" date="2026-02-09T17:53:56.887" /><!-- duration: 2ms -->
      <step title="Acquired Deployment Lock" date="2026-02-09T17:53:56.934" /><!-- duration: 2ms -->
    </step><!-- duration: 159ms -->
  </step><!-- duration: 321ms -->
  <step title="Outgoing response" date="2026-02-09T17:53:57.075" type="response" statusCode="202" statusText="Accepted" /><!-- duration: 3ms -->
</step><!-- duration: 393ms -->
